<?xml version="1.0"?>
<list>
  <ref>
    <image>chandler.jpg</image>
    <title>Chandler White</title>
    <alt>Chandler White</alt>
  </ref>
  <ref>
    <image>joey.jpg</image>
    <title>Joey Johnson</title>
    <alt>Joey Johnson</alt>
  </ref>
  <ref>
    <image>monica.jpg</image>
    <title>Monica Rocuzzo</title>
    <alt>Monica Rocuzzo</alt>
  </ref>
  <ref>
    <image>phoebe.jpg</image>
    <title>Phoebe Ratton</title>
    <alt>Phoebe Ratton</alt>
  </ref>
  <ref>
    <image>rachel.jpg</image>
    <title>Rachel Chanel</title>
    <alt>Rachel Chanel</alt>
  </ref>
</list>